{
  "Logistic Regression": {
    "auc_roc": 0.5328,
    "precision": 0.1081,
    "recall": 0.4648,
    "f1": 0.1754,
    "accuracy": 0.5711,
    "confusion_matrix": [
      [
        1900,
        1361
      ],
      [
        190,
        165
      ]
    ],
    "roc_curve": {
      "fpr": [
        0.0,
        0.014106102422569764,
        0.01962588163140141,
        0.03679852805887764,
        0.05887764489420423,
        0.07390371051824594,
        0.0867831953388531,
        0.09659613615455381,
        0.10671573137074516,
        0.12940815700705305,
        0.15486047224777674,
        0.1662066850659307,
        0.18276602269242564,
        0.1916590003066544,
        0.2002453235203925,
        0.21741796994786874,
        0.22661760196258815,
        0.23643054277828887,
        0.2490033731984054,
        0.25850965961361544,
        0.2698558724317694,
        0.28396197485433916,
        0.2937749156700399,
        0.31002759889604414,
        0.32812020852499235,
        0.35510579576816925,
        0.3689052437902484,
        0.3814780742103649,
        0.3977307574363692,
        0.4050904630481447,
        0.41858325666973323,
        0.432689359092303,
        0.45814167433302666,
        0.4759276295614842,
        0.4998466727997547,
        0.5108862312174179,
        0.5225390984360626,
        0.5397117448635388,
        0.550751303281202,
        0.5679239497086783,
        0.5887764489420423,
        0.6034958601655934,
        0.6163753449862005,
        0.641214351425943,
        0.6577736890524379,
        0.6764796074823674,
        0.6801594602882551,
        0.6970254523152407,
        0.7114382091383011,
        0.7249310027598896,
        0.7365838699785342,
        0.7552897884084636,
        0.7721557804354493,
        0.796688132474701,
        0.8190739037105182,
        0.8365532045384851,
        0.8475927629561484,
        0.8561790861698866,
        0.8733517325973628,
        0.8807114382091383,
        0.9205765102729224,
        0.9503219871205152,
        0.958295001533272,
        0.9797608095676172,
        1.0
      ],
      "tpr": [
        0.0,
        0.011267605633802818,
        0.030985915492957747,
        0.04507042253521127,
        0.0647887323943662,
        0.08450704225352113,
        0.10140845070422536,
        0.12112676056338029,
        0.14084507042253522,
        0.15492957746478872,
        0.16901408450704225,
        0.18309859154929578,
        0.19718309859154928,
        0.2112676056338028,
        0.22535211267605634,
        0.24507042253521127,
        0.2591549295774648,
        0.27605633802816903,
        0.29014084507042254,
        0.30422535211267604,
        0.3183098591549296,
        0.3352112676056338,
        0.352112676056338,
        0.36619718309859156,
        0.38309859154929576,
        0.3971830985915493,
        0.4112676056338028,
        0.4253521126760563,
        0.4394366197183099,
        0.4535211267605634,
        0.4676056338028169,
        0.4788732394366197,
        0.49295774647887325,
        0.5070422535211268,
        0.5211267605633803,
        0.5352112676056338,
        0.5492957746478874,
        0.5661971830985916,
        0.5859154929577465,
        0.6,
        0.6169014084507042,
        0.6309859154929578,
        0.6507042253521127,
        0.6647887323943662,
        0.6845070422535211,
        0.6985915492957746,
        0.7126760563380282,
        0.7267605633802817,
        0.752112676056338,
        0.7690140845070422,
        0.7859154929577464,
        0.8,
        0.819718309859155,
        0.8338028169014085,
        0.8535211267605634,
        0.8704225352112676,
        0.8845070422535212,
        0.8985915492957747,
        0.9183098591549296,
        0.9323943661971831,
        0.9464788732394366,
        0.9605633802816902,
        0.971830985915493,
        0.9859154929577465,
        1.0
      ]
    }
  },
  "Random Forest": {
    "auc_roc": 0.5583,
    "precision": 0.1253,
    "recall": 0.3887,
    "f1": 0.1896,
    "accuracy": 0.6737,
    "confusion_matrix": [
      [
        2298,
        963
      ],
      [
        217,
        138
      ]
    ],
    "roc_curve": {
      "fpr": [
        0.0,
        0.0036798528058877645,
        0.009506286415210058,
        0.02667893284268629,
        0.05458448328733517,
        0.06562404170499847,
        0.07911683532658693,
        0.08892977614228764,
        0.099049371358479,
        0.11530205458448328,
        0.12204845139527752,
        0.12726157620361853,
        0.13554124501686599,
        0.14627414903403863,
        0.1708065010732904,
        0.18215271389144433,
        0.19840539711744865,
        0.21404477154247165,
        0.22845752836553204,
        0.23888377798221405,
        0.25206991720331184,
        0.25973627721557807,
        0.2756823060410917,
        0.29162833486660533,
        0.3069610548911377,
        0.3250536645200859,
        0.33486660533578655,
        0.34467954615148727,
        0.35479914136767865,
        0.3784115302054584,
        0.3977307574363692,
        0.41214351425942963,
        0.431769395890831,
        0.44250229990800366,
        0.4520085863232137,
        0.474394357559031,
        0.4881938055811101,
        0.4980067463968108,
        0.5173259736277216,
        0.5366452008586323,
        0.5541245016865992,
        0.5740570377184913,
        0.5826433609322293,
        0.5992026985587243,
        0.6077890217724624,
        0.6215884697945415,
        0.6384544618215271,
        0.6479607482367372,
        0.6706531738730451,
        0.6964121435142594,
        0.7270775835633241,
        0.7479300827966882,
        0.7595829500153327,
        0.7782888684452622,
        0.7936215884697946,
        0.8147807421036491,
        0.822753756516406,
        0.8475927629561484,
        0.8715118061944189,
        0.8810180926096289,
        0.8951241950321988,
        0.9126034958601656,
        0.9469487887151181,
        0.9616681999386691,
        0.9812940815700705,
        0.9984667279975468
      ],
      "tpr": [
        0.0,
        0.016901408450704224,
        0.030985915492957747,
        0.04507042253521127,
        0.061971830985915494,
        0.07605633802816901,
        0.09859154929577464,
        0.11267605633802817,
        0.1295774647887324,
        0.14366197183098592,
        0.16338028169014085,
        0.18309859154929578,
        0.19718309859154928,
        0.2140845070422535,
        0.23661971830985915,
        0.2535211267605634,
        0.2704225352112676,
        0.28450704225352114,
        0.30140845070422534,
        0.3154929577464789,
        0.3352112676056338,
        0.3492957746478873,
        0.36619718309859156,
        0.38309859154929576,
        0.4,
        0.4140845070422535,
        0.4309859154929577,
        0.4450704225352113,
        0.4591549295774648,
        0.4732394366197183,
        0.49014084507042255,
        0.504225352112676,
        0.5211267605633803,
        0.5352112676056338,
        0.5492957746478874,
        0.5633802816901409,
        0.5774647887323944,
        0.5915492957746479,
        0.6084507042253521,
        0.6197183098591549,
        0.6338028169014085,
        0.647887323943662,
        0.6619718309859155,
        0.6788732394366197,
        0.6957746478873239,
        0.7098591549295775,
        0.723943661971831,
        0.7352112676056338,
        0.7492957746478873,
        0.7633802816901408,
        0.780281690140845,
        0.7971830985915493,
        0.8112676056338028,
        0.8253521126760563,
        0.8366197183098592,
        0.8507042253521127,
        0.8647887323943662,
        0.8788732394366198,
        0.8929577464788733,
        0.9070422535211268,
        0.9183098591549296,
        0.9323943661971831,
        0.9464788732394366,
        0.9633802816901409,
        0.9859154929577465,
        1.0
      ]
    },
    "cv_auc_mean": 0.5624,
    "cv_auc_std": 0.0127,